file_name,Stimulating,Playful,Soothing,Sensory-Calming,Grounding,Focusing,Transitional,Anxiety-Reduction,emotion1,emotion2,emotion3
ants_song_combination_1037.wav,0.3466863,0.39207458,0.31861344,0.4034704,0.4122112,0.34156466,0.4184308,0.25187382,Transitional,Grounding,Sensory-Calming
ants_song_combination_1038.wav,0.46289462,0.45600176,0.34256768,0.4311331,0.4735347,0.35837924,0.5924312,0.3010948,Transitional,Grounding,Stimulating
ants_song_combination_1039.wav,0.40046087,0.3863421,0.31095856,0.3307028,0.42082334,0.32903147,0.50271255,0.28211105,Transitional,Grounding,Stimulating
ants_song_combination_1053.wav,0.307731,0.40250748,0.324726,0.4434747,0.43012685,0.3751305,0.40806115,0.27258873,Sensory-Calming,Grounding,Transitional
ants_song_combination_1054.wav,0.40279013,0.4354766,0.307842,0.43455446,0.44236314,0.3441977,0.55516535,0.28310543,Transitional,Grounding,Playful
ants_song_combination_1055.wav,0.3497434,0.36662954,0.28694043,0.3263155,0.39793238,0.3176478,0.47373778,0.26794302,Transitional,Grounding,Playful
ants_song_combination_1085.wav,0.30919537,0.38297582,0.28660372,0.34438795,0.37396824,0.2855001,0.3781856,0.18948542,Playful,Transitional,Grounding
ants_song_combination_1086.wav,0.42637077,0.47887245,0.34138557,0.37799254,0.46040875,0.37653488,0.52116954,0.2607769,Transitional,Playful,Grounding
ants_song_combination_1087.wav,0.3914439,0.44515303,0.31383362,0.3181911,0.4355837,0.3657296,0.4496585,0.2479394,Transitional,Playful,Grounding
ants_song_combination_1101.wav,0.0845812,0.2857468,0.17223194,0.30434585,0.27950108,0.23669538,0.25503576,0.12297003,Sensory-Calming,Playful,Grounding
ants_song_combination_1102.wav,0.21505369,0.34698045,0.21337071,0.27992624,0.29045993,0.28197145,0.33024168,0.16142753,Playful,Transitional,Grounding
ants_song_combination_1103.wav,0.27663118,0.37022316,0.24638078,0.26238072,0.34282005,0.30000585,0.3260731,0.18668917,Playful,Grounding,Transitional
ants_song_combination_1133.wav,0.299193,0.33792058,0.31720397,0.35882998,0.38621706,0.26861864,0.39948338,0.22643897,Transitional,Grounding,Sensory-Calming
ants_song_combination_1134.wav,0.28560227,0.2773853,0.30037606,0.2544583,0.3281054,0.21938774,0.45472646,0.21643859,Transitional,Grounding,Soothing
ants_song_combination_1135.wav,0.17450911,0.1654964,0.1962445,0.12192239,0.2260913,0.15461493,0.26597732,0.14074016,Transitional,Grounding,Soothing
ants_song_combination_1149.wav,0.0127237495,0.16046083,0.1358118,0.24815124,0.2262522,0.15338495,0.2226134,0.1083699,Sensory-Calming,Grounding,Transitional
ants_song_combination_1150.wav,0.03083812,0.060367092,0.09268625,0.054217357,0.07588808,0.036969125,0.19402644,0.065646715,Transitional,Soothing,Grounding
ants_song_combination_1151.wav,0.094781786,0.08710517,0.11092937,0.031818807,0.13194388,0.08696097,0.16007097,0.073360085,Transitional,Grounding,Soothing
ants_song_combination_1421.wav,0.288608,0.34520498,0.40846062,0.41332078,0.42180014,0.31159627,0.37002382,0.32942188,Grounding,Sensory-Calming,Soothing
ants_song_combination_1422.wav,0.49607483,0.4906442,0.47424582,0.5179586,0.5579878,0.3916066,0.6157329,0.40298742,Transitional,Grounding,Sensory-Calming
ants_song_combination_1423.wav,0.47277594,0.45547283,0.49163026,0.5037979,0.56778824,0.39827245,0.5247965,0.45471007,Grounding,Transitional,Sensory-Calming
ants_song_combination_1437.wav,0.2579528,0.3675168,0.41812915,0.4368196,0.43986636,0.34281975,0.36508283,0.34873563,Grounding,Sensory-Calming,Soothing
ants_song_combination_1438.wav,0.4628283,0.51249284,0.46501052,0.5430437,0.55214804,0.40488344,0.61105406,0.40156585,Transitional,Grounding,Sensory-Calming
ants_song_combination_1439.wav,0.4380775,0.4600247,0.48944086,0.5130237,0.5576762,0.39836267,0.5231263,0.45179772,Grounding,Transitional,Sensory-Calming
ants_song_combination_1469.wav,0.29120153,0.4176967,0.34419706,0.3960996,0.39752975,0.29556507,0.3428535,0.23834512,Playful,Grounding,Sensory-Calming
ants_song_combination_1470.wav,0.48994708,0.54939395,0.44118506,0.5021026,0.55234516,0.41640016,0.56268126,0.35722566,Transitional,Grounding,Playful
ants_song_combination_1471.wav,0.48273253,0.5169275,0.443505,0.46917725,0.5672134,0.41774106,0.512141,0.3852021,Grounding,Playful,Transitional
ants_song_combination_1485.wav,0.15504071,0.38415927,0.28081518,0.3664031,0.3382209,0.24715275,0.2934368,0.1938896,Playful,Sensory-Calming,Grounding
ants_song_combination_1486.wav,0.35999805,0.5393528,0.36460984,0.47101793,0.465644,0.37406516,0.48300487,0.28709093,Playful,Transitional,Sensory-Calming
ants_song_combination_1487.wav,0.3967078,0.50724834,0.40425617,0.43817705,0.51581055,0.37693936,0.47634637,0.3418068,Grounding,Playful,Transitional
ants_song_combination_1517.wav,0.26752862,0.3381497,0.4357016,0.43973443,0.4340195,0.27994797,0.36015755,0.33981347,Sensory-Calming,Soothing,Grounding
ants_song_combination_1518.wav,0.37965512,0.38902718,0.47816077,0.4608851,0.47951072,0.2944371,0.51685506,0.36809772,Transitional,Grounding,Soothing
ants_song_combination_1519.wav,0.32814604,0.31739542,0.42480272,0.3590551,0.44222453,0.27939427,0.38761997,0.3372185,Grounding,Soothing,Transitional
ants_song_combination_1533.wav,0.13545157,0.3117623,0.37545696,0.422673,0.38855913,0.23551688,0.3151087,0.2974085,Sensory-Calming,Grounding,Soothing
ants_song_combination_1534.wav,0.23494555,0.35646415,0.37121066,0.39082313,0.36476815,0.22386694,0.42247325,0.27327397,Transitional,Sensory-Calming,Soothing
ants_song_combination_1535.wav,0.24574071,0.2818736,0.34602332,0.28087556,0.35629454,0.21116167,0.32442084,0.25902748,Grounding,Soothing,Transitional
ants_song_combination_1613.wav,0.2848649,0.34854627,0.4073246,0.41631317,0.42268285,0.31819016,0.3627122,0.3312927,Grounding,Sensory-Calming,Soothing
ants_song_combination_1614.wav,0.48524827,0.49110723,0.47647837,0.52404034,0.55746686,0.40146056,0.60834926,0.4096551,Transitional,Grounding,Sensory-Calming
ants_song_combination_1615.wav,0.46957996,0.46203145,0.48441193,0.5154476,0.56932116,0.41036183,0.51773286,0.4561835,Grounding,Transitional,Sensory-Calming
ants_song_combination_1629.wav,0.2519825,0.36897212,0.41627225,0.43902522,0.43844762,0.3476393,0.35598406,0.3497782,Sensory-Calming,Grounding,Soothing
ants_song_combination_1630.wav,0.44768074,0.50869507,0.46666086,0.54535043,0.5479281,0.4113955,0.6010889,0.4064793,Transitional,Grounding,Sensory-Calming
ants_song_combination_1631.wav,0.43390763,0.4680963,0.48405123,0.52765346,0.56195426,0.41113037,0.5166377,0.4561727,Grounding,Sensory-Calming,Transitional
ants_song_combination_1661.wav,0.28736436,0.42111146,0.3443554,0.39938807,0.40167195,0.30450594,0.33395538,0.24234222,Playful,Grounding,Sensory-Calming
ants_song_combination_1662.wav,0.4830315,0.5521275,0.43466067,0.50069654,0.5500159,0.42587483,0.55310464,0.35334367,Transitional,Playful,Grounding
ants_song_combination_1663.wav,0.47430015,0.5222776,0.4237625,0.46962363,0.5610588,0.42352432,0.49558073,0.37317255,Grounding,Playful,Transitional
ants_song_combination_1677.wav,0.11606815,0.3699155,0.25778562,0.36244568,0.32382476,0.24841946,0.26129517,0.18440793,Playful,Sensory-Calming,Grounding
ants_song_combination_1678.wav,0.32852203,0.52533686,0.33468103,0.44905147,0.43392253,0.36528882,0.44344407,0.2604044,Playful,Sensory-Calming,Transitional
ants_song_combination_1679.wav,0.38179925,0.50914717,0.3804636,0.43298817,0.50277936,0.37570918,0.45178485,0.32284456,Playful,Grounding,Transitional
ants_song_combination_1709.wav,0.2590053,0.33934563,0.4356833,0.44341558,0.43805474,0.2913857,0.3483289,0.3461821,Sensory-Calming,Grounding,Soothing
ants_song_combination_1710.wav,0.35658097,0.38029468,0.47643715,0.45439953,0.47186935,0.30322576,0.5013578,0.37142915,Transitional,Soothing,Grounding
ants_song_combination_1711.wav,0.30493897,0.30582327,0.40286094,0.3339165,0.4165511,0.28149146,0.34979975,0.32520607,Grounding,Soothing,Transitional
ants_song_combination_1725.wav,0.08400193,0.28893235,0.3311131,0.40157467,0.35478324,0.22277623,0.25900596,0.27048978,Sensory-Calming,Grounding,Soothing
ants_song_combination_1726.wav,0.18185475,0.31642437,0.3184866,0.33688194,0.303329,0.19035888,0.35792148,0.23396486,Transitional,Sensory-Calming,Soothing
ants_song_combination_1727.wav,0.22463794,0.26177335,0.301727,0.22562714,0.30371523,0.18833895,0.26118514,0.22477286,Grounding,Soothing,Playful
ants_song_combination_1997.wav,0.25762025,0.30769014,0.3627503,0.38638628,0.3897932,0.31555158,0.33905247,0.3208925,Grounding,Sensory-Calming,Soothing
ants_song_combination_1998.wav,0.45570117,0.43312368,0.40579352,0.4807828,0.4983961,0.37317038,0.5970205,0.3838082,Transitional,Grounding,Sensory-Calming
ants_song_combination_1999.wav,0.41769192,0.39288318,0.41157442,0.40671575,0.48026228,0.37290367,0.4926808,0.414527,Transitional,Grounding,Stimulating
ants_song_combination_2013.wav,0.19948733,0.30223048,0.36863482,0.40114558,0.3955425,0.33737448,0.30664524,0.34094095,Sensory-Calming,Grounding,Soothing
ants_song_combination_2014.wav,0.3939229,0.43115836,0.38047332,0.48735732,0.46276665,0.36281824,0.56106746,0.36633557,Transitional,Sensory-Calming,Grounding
ants_song_combination_2015.wav,0.3716514,0.3831132,0.39597356,0.39674115,0.45081192,0.35686642,0.47920203,0.3982147,Transitional,Grounding,Anxiety-Reduction
ants_song_combination_2045.wav,0.26265645,0.3767773,0.291036,0.359182,0.34654695,0.27774817,0.30844957,0.19804174,Playful,Sensory-Calming,Grounding
ants_song_combination_2046.wav,0.43985122,0.49888885,0.35644943,0.42655277,0.46448344,0.37591225,0.49715087,0.30027458,Playful,Transitional,Grounding
ants_song_combination_2047.wav,0.47474456,0.51008487,0.38096738,0.3813864,0.5043169,0.41237783,0.49095446,0.34028542,Playful,Grounding,Transitional
ants_song_combination_2061.wav,0.095609345,0.3051226,0.17247145,0.31181616,0.23815715,0.19411358,0.20560677,0.10677918,Sensory-Calming,Playful,Grounding
ants_song_combination_2062.wav,0.2904504,0.46360525,0.24279949,0.40386096,0.33900386,0.31462833,0.37633088,0.2092242,Playful,Sensory-Calming,Transitional
ants_song_combination_2063.wav,0.36937416,0.4796954,0.30597454,0.32176644,0.41458768,0.34283248,0.4117187,0.27775097,Playful,Grounding,Transitional
ants_song_combination_2093.wav,0.23145117,0.2568447,0.38577908,0.40122885,0.38983288,0.2734868,0.31495863,0.3315434,Sensory-Calming,Grounding,Soothing
ants_song_combination_2094.wav,0.305917,0.25597,0.37358898,0.3733465,0.347485,0.23708746,0.42443916,0.31265914,Transitional,Soothing,Sensory-Calming
ants_song_combination_2095.wav,0.2720374,0.24063715,0.2923414,0.20337899,0.30405205,0.22086765,0.29365224,0.23838308,Grounding,Transitional,Soothing
ants_song_combination_2109.wav,0.0149242245,0.13175848,0.23006617,0.29728386,0.23765828,0.112501346,0.14901942,0.19583538,Sensory-Calming,Grounding,Soothing
ants_song_combination_2110.wav,0.15791649,0.1711981,0.17544505,0.23031288,0.14005587,0.11791124,0.23627877,0.14743048,Transitional,Sensory-Calming,Soothing
ants_song_combination_2111.wav,0.20239675,0.19768237,0.15918039,0.078041345,0.17249602,0.12889528,0.16106558,0.13084635,Stimulating,Playful,Grounding
ants_song_combination_2189.wav,0.245842,0.3052039,0.35913932,0.3843097,0.38582528,0.32300538,0.32510775,0.32356483,Grounding,Sensory-Calming,Soothing
ants_song_combination_2190.wav,0.4176075,0.4182919,0.39771068,0.48274702,0.4825395,0.37628192,0.5702641,0.38373822,Transitional,Sensory-Calming,Grounding
ants_song_combination_2191.wav,0.35434687,0.3526398,0.354628,0.38207066,0.4391585,0.36058205,0.44998664,0.37829548,Transitional,Grounding,Sensory-Calming
ants_song_combination_2205.wav,0.18715125,0.29683802,0.36107948,0.39535776,0.3860516,0.3406822,0.291036,0.3384348,Sensory-Calming,Grounding,Soothing
ants_song_combination_2206.wav,0.3485649,0.40759757,0.3707108,0.47758037,0.43694612,0.35943544,0.5282562,0.36077568,Transitional,Sensory-Calming,Grounding
ants_song_combination_2207.wav,0.2888076,0.33128422,0.3377202,0.36868697,0.40213853,0.33019626,0.42607695,0.35641783,Transitional,Grounding,Sensory-Calming
ants_song_combination_2237.wav,0.24924475,0.37408325,0.2942172,0.35714725,0.35080385,0.29030126,0.29428428,0.20458062,Playful,Sensory-Calming,Grounding
ants_song_combination_2238.wav,0.41274685,0.4873218,0.33861327,0.40985674,0.4457463,0.38191307,0.4664659,0.2856575,Playful,Transitional,Grounding
ants_song_combination_2239.wav,0.43400374,0.48742324,0.30692872,0.3445448,0.45427048,0.4018981,0.4239127,0.28563088,Playful,Grounding,Stimulating
ants_song_combination_2253.wav,0.022088189,0.2422182,0.100201234,0.25534794,0.1684438,0.17334145,0.12513171,0.04563488,Sensory-Calming,Playful,Focusing
ants_song_combination_2254.wav,0.22831495,0.41851774,0.2052077,0.36083168,0.27978003,0.29606712,0.31211227,0.16417469,Playful,Sensory-Calming,Transitional
ants_song_combination_2255.wav,0.32720947,0.45379448,0.24832219,0.29008836,0.36638772,0.32456726,0.34277064,0.22561964,Playful,Grounding,Transitional
ants_song_combination_2285.wav,0.20374773,0.23472327,0.37723956,0.38302076,0.3852026,0.2891197,0.28858188,0.33992997,Grounding,Sensory-Calming,Soothing
ants_song_combination_2286.wav,0.2014934,0.1669815,0.3001386,0.29519677,0.25416166,0.21178629,0.31979793,0.26309237,Transitional,Soothing,Sensory-Calming
ants_song_combination_2287.wav,0.18841538,0.0800939,0.11364673,0.019833546,0.14195192,0.17243168,0.12631392,0.1108589,Stimulating,Focusing,Grounding
ants_song_combination_2301.wav,-0.026377413,0.03961549,0.13920203,0.110723585,0.122564204,0.08397138,0.05775011,0.14924228,Anxiety-Reduction,Soothing,Grounding
ants_song_combination_2302.wav,0.073993266,0.06742605,0.09672202,0.09590176,0.0065834094,0.044304475,0.08792239,0.091467746,Soothing,Sensory-Calming,Anxiety-Reduction
ants_song_combination_2303.wav,0.20009373,0.09910546,0.0058852164,-0.08806815,0.044000387,0.09263216,0.066980556,0.01855838,Stimulating,Playful,Focusing
ants_song_combination_845.wav,0.34847862,0.38775855,0.3187276,0.39626724,0.4083944,0.33394286,0.42372715,0.24735412,Transitional,Grounding,Sensory-Calming
ants_song_combination_846.wav,0.4742395,0.45892465,0.3433285,0.42350337,0.4757626,0.35964143,0.60069585,0.29763615,Transitional,Grounding,Stimulating
ants_song_combination_847.wav,0.41414377,0.38962144,0.32393187,0.31995496,0.42254066,0.33032757,0.5148383,0.28788924,Transitional,Grounding,Stimulating
ants_song_combination_861.wav,0.31407934,0.40068555,0.32632923,0.43753317,0.4306078,0.37193432,0.41702414,0.27046263,Sensory-Calming,Grounding,Transitional
ants_song_combination_862.wav,0.41387933,0.43822503,0.30825108,0.42879522,0.44564262,0.34703854,0.5613761,0.28079325,Transitional,Grounding,Playful
ants_song_combination_863.wav,0.36239493,0.3688147,0.29640818,0.31523034,0.39869183,0.3202923,0.48463827,0.27149892,Transitional,Grounding,Playful
ants_song_combination_893.wav,0.31219354,0.38133085,0.2871302,0.34184623,0.3697129,0.27901876,0.3836555,0.18570755,Transitional,Playful,Grounding
ants_song_combination_894.wav,0.4405799,0.48380795,0.34978688,0.381945,0.46742216,0.37638038,0.5341664,0.26635975,Transitional,Playful,Grounding
ants_song_combination_895.wav,0.42324406,0.46368772,0.33862042,0.32441205,0.4561832,0.3788845,0.49109507,0.2660873,Transitional,Playful,Grounding
ants_song_combination_909.wav,0.13099119,0.31456715,0.19431046,0.31863207,0.3014338,0.24604753,0.29090327,0.1337634,Sensory-Calming,Playful,Grounding
ants_song_combination_910.wav,0.23890871,0.36104867,0.222186,0.28731984,0.30810097,0.2909813,0.35196826,0.17149048,Playful,Transitional,Grounding
ants_song_combination_911.wav,0.30452526,0.39631182,0.27033335,0.2810291,0.36963025,0.31628537,0.36631382,0.20972872,Playful,Grounding,Transitional
ants_song_combination_941.wav,0.3073021,0.3381096,0.31723964,0.35341182,0.38098937,0.2597617,0.40660343,0.22077218,Transitional,Grounding,Sensory-Calming
ants_song_combination_942.wav,0.31322855,0.29894403,0.31615332,0.27452874,0.3467356,0.2251917,0.47588518,0.22721219,Transitional,Grounding,Soothing
ants_song_combination_943.wav,0.21975422,0.20337568,0.23137851,0.15588123,0.26184446,0.16653875,0.31657523,0.16487697,Transitional,Grounding,Soothing
ants_song_combination_957.wav,0.0677388,0.20425373,0.17632648,0.2916888,0.2648545,0.17331827,0.26760817,0.13081965,Sensory-Calming,Transitional,Grounding
ants_song_combination_958.wav,0.058023106,0.08568581,0.11121255,0.07933973,0.10452403,0.05582969,0.22272643,0.07697788,Transitional,Soothing,Grounding
ants_song_combination_959.wav,0.10944549,0.11066075,0.13734743,0.06790349,0.1610667,0.095952794,0.1859177,0.09488917,Transitional,Grounding,Soothing
row_song_combination_1037.wav,0.24350607,0.2943623,0.34310547,0.21197385,0.37854317,0.28647345,0.4161353,0.21088493,Transitional,Grounding,Soothing
row_song_combination_1038.wav,0.25448462,0.3236748,0.3668148,0.28275156,0.41469195,0.31968692,0.47271863,0.24218366,Transitional,Grounding,Soothing
row_song_combination_1039.wav,0.23956114,0.33538038,0.36793804,0.31997287,0.4107523,0.2834946,0.41701785,0.22530624,Transitional,Grounding,Soothing
row_song_combination_1053.wav,0.19215421,0.26681548,0.31055546,0.19909075,0.34579217,0.25167125,0.3762882,0.18330392,Transitional,Grounding,Soothing
row_song_combination_1054.wav,0.14241704,0.2500964,0.29365495,0.24360386,0.33222038,0.25386235,0.39839032,0.18781903,Transitional,Grounding,Soothing
row_song_combination_1055.wav,0.15274353,0.29249257,0.31500173,0.3032768,0.36770964,0.25486416,0.37902382,0.20459619,Transitional,Grounding,Soothing
row_song_combination_1085.wav,0.2669617,0.32244143,0.38299915,0.25557554,0.40389985,0.3054738,0.43782884,0.25750607,Transitional,Grounding,Soothing
row_song_combination_1086.wav,0.2822577,0.35857677,0.39660376,0.3146839,0.43792683,0.34014386,0.49030942,0.2791406,Transitional,Grounding,Soothing
row_song_combination_1087.wav,0.24821526,0.3523363,0.38692272,0.3344467,0.42243576,0.2973181,0.42508942,0.24865052,Transitional,Grounding,Soothing
row_song_combination_1101.wav,0.22991186,0.3041307,0.36715126,0.25727394,0.38758728,0.290973,0.4133795,0.2471025,Transitional,Grounding,Soothing
row_song_combination_1102.wav,0.23979227,0.33919024,0.37603262,0.32842427,0.42250198,0.33016717,0.47266358,0.2736532,Transitional,Grounding,Soothing
row_song_combination_1103.wav,0.2205299,0.3533247,0.38752133,0.3666504,0.42975053,0.3069259,0.43018678,0.26618603,Transitional,Grounding,Soothing
row_song_combination_1133.wav,0.21857363,0.2773826,0.339533,0.21915105,0.3653027,0.2669258,0.38809603,0.20955706,Transitional,Grounding,Soothing
row_song_combination_1134.wav,0.23779646,0.3187863,0.368741,0.2883767,0.40796393,0.3088654,0.45961973,0.24412332,Transitional,Grounding,Soothing
row_song_combination_1135.wav,0.22361353,0.3284342,0.36329955,0.31916144,0.40375626,0.27452308,0.39985412,0.22438696,Grounding,Transitional,Soothing
row_song_combination_1149.wav,0.17097725,0.2517554,0.30710036,0.20468019,0.33384773,0.2369513,0.3511142,0.18212666,Transitional,Grounding,Soothing
row_song_combination_1150.wav,0.12871,0.24471995,0.29453486,0.24816781,0.32548183,0.24539474,0.38711292,0.18997207,Transitional,Grounding,Soothing
row_song_combination_1151.wav,0.13609496,0.28336993,0.30863327,0.30082953,0.358962,0.24609518,0.36266065,0.20234822,Transitional,Grounding,Soothing
row_song_combination_1421.wav,0.39913136,0.42939895,0.46212804,0.37128052,0.55702174,0.42852202,0.55722785,0.35493296,Transitional,Grounding,Soothing
row_song_combination_1422.wav,0.42095068,0.45749268,0.46565944,0.4038257,0.57718915,0.4392825,0.5863372,0.35452956,Transitional,Grounding,Soothing
row_song_combination_1423.wav,0.31643736,0.40881377,0.4376044,0.4435722,0.49791318,0.3382312,0.47760594,0.3235252,Grounding,Transitional,Sensory-Calming
row_song_combination_1437.wav,0.35350025,0.4166572,0.4568135,0.36680278,0.543549,0.4139696,0.5396259,0.34486043,Grounding,Transitional,Soothing
row_song_combination_1438.wav,0.35272312,0.44501978,0.4538446,0.39871746,0.55134463,0.42378676,0.55508876,0.34446222,Transitional,Grounding,Soothing
row_song_combination_1439.wav,0.25598195,0.41180238,0.41182745,0.43786016,0.47953057,0.32578358,0.4651006,0.3094168,Grounding,Transitional,Sensory-Calming
row_song_combination_1469.wav,0.43233746,0.4656632,0.48701364,0.42078236,0.6018249,0.4651968,0.59393775,0.39974567,Grounding,Transitional,Soothing
row_song_combination_1470.wav,0.43916452,0.4747016,0.48169714,0.43089807,0.60406387,0.46151596,0.6100383,0.37880668,Transitional,Grounding,Soothing
row_song_combination_1471.wav,0.32530665,0.41789964,0.43790162,0.4559728,0.5072868,0.35223246,0.48556,0.33299178,Grounding,Transitional,Sensory-Calming
row_song_combination_1485.wav,0.40189597,0.4590243,0.4874537,0.42493474,0.5959518,0.46041706,0.5806241,0.4001595,Grounding,Transitional,Soothing
row_song_combination_1486.wav,0.4079566,0.47859767,0.484528,0.44903702,0.60196006,0.4662336,0.59501064,0.38846403,Grounding,Transitional,Soothing
row_song_combination_1487.wav,0.29525453,0.42613757,0.43624324,0.47204503,0.5069661,0.35437903,0.48073778,0.3415972,Grounding,Transitional,Sensory-Calming
row_song_combination_1517.wav,0.39511445,0.42954898,0.47470573,0.40285894,0.5820625,0.43709725,0.5687891,0.38065365,Grounding,Transitional,Soothing
row_song_combination_1518.wav,0.41973242,0.46195284,0.48061237,0.43027192,0.5980448,0.44752774,0.6002089,0.37481773,Transitional,Grounding,Soothing
row_song_combination_1519.wav,0.31523937,0.41259897,0.44290182,0.4604365,0.5043238,0.3440807,0.48061043,0.33334523,Grounding,Transitional,Sensory-Calming
row_song_combination_1533.wav,0.34954357,0.41288546,0.4692723,0.39578766,0.56627417,0.4244222,0.5493101,0.37122855,Grounding,Transitional,Soothing
row_song_combination_1534.wav,0.35508186,0.45048994,0.47269058,0.42909756,0.575535,0.43660438,0.57078403,0.36945885,Grounding,Transitional,Soothing
row_song_combination_1535.wav,0.2560294,0.41427857,0.42304468,0.4569679,0.48942688,0.335378,0.46927652,0.32491297,Grounding,Transitional,Sensory-Calming
row_song_combination_1613.wav,0.37676546,0.39890707,0.44676378,0.35468334,0.5411473,0.41820228,0.53182787,0.3383014,Grounding,Transitional,Soothing
row_song_combination_1614.wav,0.40415472,0.43539143,0.44607258,0.39653435,0.56217116,0.43856478,0.55723983,0.33680874,Grounding,Transitional,Soothing
row_song_combination_1615.wav,0.31772086,0.40138453,0.41415605,0.43734428,0.49140975,0.34277856,0.4613558,0.3009813,Grounding,Transitional,Sensory-Calming
row_song_combination_1629.wav,0.3305266,0.38628232,0.44175982,0.35169464,0.5287986,0.4034287,0.5162029,0.32806668,Grounding,Transitional,Soothing
row_song_combination_1630.wav,0.2953711,0.38988853,0.406751,0.36673173,0.50141555,0.39925954,0.4977952,0.3051383,Grounding,Transitional,Soothing
row_song_combination_1631.wav,0.2083071,0.37699202,0.3710263,0.41646543,0.44697303,0.31313127,0.41928944,0.27253875,Grounding,Transitional,Sensory-Calming
row_song_combination_1661.wav,0.42853716,0.45849606,0.4797687,0.41536725,0.5980265,0.46586454,0.58607525,0.39032584,Grounding,Transitional,Soothing
row_song_combination_1662.wav,0.44232798,0.48134542,0.47561094,0.4363354,0.6045433,0.47177294,0.60662913,0.37183815,Transitional,Grounding,Playful
row_song_combination_1663.wav,0.33326015,0.4279129,0.4323293,0.45804617,0.50769746,0.36193287,0.485591,0.32370877,Grounding,Transitional,Sensory-Calming
row_song_combination_1677.wav,0.398027,0.45162192,0.4810583,0.41989115,0.5932599,0.46123236,0.57434016,0.3918347,Grounding,Transitional,Soothing
row_song_combination_1678.wav,0.40135342,0.4784451,0.47200045,0.45538,0.5982735,0.48088914,0.58401275,0.3802426,Grounding,Transitional,Focusing
row_song_combination_1679.wav,0.30223906,0.44161522,0.43662423,0.48872995,0.51183677,0.3722944,0.48024565,0.34278172,Grounding,Sensory-Calming,Transitional
row_song_combination_1709.wav,0.37278453,0.40007383,0.4594168,0.38403678,0.56618893,0.42932454,0.5461893,0.3628009,Grounding,Transitional,Soothing
row_song_combination_1710.wav,0.40352482,0.4411434,0.46341217,0.42169476,0.58431894,0.4504184,0.57367194,0.3569279,Grounding,Transitional,Soothing
row_song_combination_1711.wav,0.31647623,0.40781146,0.42370015,0.4565305,0.5007385,0.35034925,0.46763378,0.31415492,Grounding,Transitional,Sensory-Calming
row_song_combination_1725.wav,0.32494986,0.3807726,0.4531954,0.37611902,0.5493535,0.41355425,0.5274199,0.35212165,Grounding,Transitional,Soothing
row_song_combination_1726.wav,0.29654685,0.3973635,0.4292335,0.39541084,0.52696645,0.4162261,0.51772785,0.3290506,Grounding,Transitional,Soothing
row_song_combination_1727.wav,0.20734885,0.38051772,0.38934237,0.43970796,0.4604907,0.32079738,0.4285938,0.29292324,Grounding,Sensory-Calming,Transitional
row_song_combination_1997.wav,0.25982904,0.28125137,0.31296396,0.1768914,0.29168835,0.20850927,0.25415993,0.23810092,Soothing,Grounding,Playful
row_song_combination_1998.wav,0.43500793,0.45038694,0.4371655,0.36986044,0.4529686,0.3394789,0.5272577,0.33556458,Transitional,Grounding,Playful
row_song_combination_1999.wav,0.29442704,0.3618756,0.34387237,0.33735794,0.37509745,0.26599228,0.36042824,0.2522409,Grounding,Playful,Transitional
row_song_combination_2013.wav,0.19366673,0.26452392,0.27402532,0.1466173,0.23543683,0.16994327,0.1921091,0.20052588,Soothing,Playful,Grounding
row_song_combination_2014.wav,0.16490176,0.2712738,0.27467602,0.22983673,0.23435259,0.21082693,0.2741836,0.2031487,Soothing,Transitional,Playful
row_song_combination_2015.wav,0.158663,0.342054,0.29525924,0.34117645,0.33432594,0.26414776,0.27830508,0.2509877,Playful,Sensory-Calming,Grounding
row_song_combination_2045.wav,0.38294134,0.39094222,0.510101,0.46824142,0.53180397,0.36707252,0.46016172,0.44930315,Grounding,Soothing,Sensory-Calming
row_song_combination_2046.wav,0.4232447,0.4501837,0.54306084,0.54281056,0.56042534,0.37154618,0.57240224,0.453095,Transitional,Grounding,Soothing
row_song_combination_2047.wav,0.25278068,0.33861107,0.49128595,0.4474425,0.47411287,0.30117193,0.3962215,0.40983614,Soothing,Grounding,Sensory-Calming
row_song_combination_2061.wav,0.34357575,0.3913638,0.50433815,0.47221673,0.5161692,0.35725582,0.45069402,0.44869578,Grounding,Soothing,Sensory-Calming
row_song_combination_2062.wav,0.3916961,0.46990144,0.5424534,0.56957614,0.55491495,0.38647544,0.567061,0.4630864,Sensory-Calming,Transitional,Grounding
row_song_combination_2063.wav,0.22006032,0.3484611,0.49762976,0.466901,0.48041147,0.3173657,0.39734846,0.42771873,Soothing,Grounding,Sensory-Calming
row_song_combination_2093.wav,0.19367453,0.10894169,0.22366126,0.16562629,0.21733575,0.17018764,0.11853449,0.23104066,Anxiety-Reduction,Soothing,Grounding
row_song_combination_2094.wav,0.307952,0.27846026,0.48708087,0.46760917,0.43439826,0.30973122,0.42173582,0.44136935,Soothing,Sensory-Calming,Anxiety-Reduction
row_song_combination_2095.wav,0.21503058,0.257845,0.4343829,0.4231719,0.42761526,0.2889169,0.3181418,0.39551938,Soothing,Grounding,Sensory-Calming
row_song_combination_2109.wav,0.15873097,0.08061756,0.1118439,0.061960764,0.11365567,0.09667411,0.053440243,0.12729658,Stimulating,Anxiety-Reduction,Grounding
row_song_combination_2110.wav,0.083319634,0.11095839,0.24897972,0.2542988,0.15337381,0.14150825,0.14976716,0.24467094,Sensory-Calming,Soothing,Anxiety-Reduction
row_song_combination_2111.wav,0.018997297,0.16413586,0.28238398,0.3553177,0.29202944,0.19222388,0.13927652,0.32685316,Sensory-Calming,Anxiety-Reduction,Grounding
row_song_combination_2189.wav,0.21679753,0.24142772,0.20230606,0.07447663,0.19658846,0.15914741,0.18225387,0.12321886,Playful,Stimulating,Soothing
row_song_combination_2190.wav,0.3288166,0.3549164,0.30694842,0.27451998,0.31674862,0.2442617,0.39598054,0.22058038,Transitional,Playful,Stimulating
row_song_combination_2191.wav,0.25412416,0.31527203,0.29930878,0.31443998,0.32630676,0.23416364,0.28020644,0.216481,Grounding,Playful,Sensory-Calming
row_song_combination_2205.wav,0.18417418,0.24766071,0.17727637,0.05458555,0.16199806,0.14001015,0.15758258,0.09093979,Playful,Stimulating,Soothing
row_song_combination_2206.wav,0.1328865,0.18630064,0.12784664,0.13306382,0.103021756,0.11587318,0.18782678,0.08659313,Transitional,Playful,Sensory-Calming
row_song_combination_2207.wav,0.030230258,0.22912346,0.13466725,0.29007348,0.18437801,0.13761398,0.14265224,0.09806214,Sensory-Calming,Playful,Grounding
row_song_combination_2237.wav,0.3797931,0.3929808,0.4680788,0.4196239,0.501527,0.3602728,0.46615955,0.3957845,Grounding,Soothing,Transitional
row_song_combination_2238.wav,0.41510475,0.4545464,0.5117986,0.52517635,0.53223443,0.37450397,0.5714694,0.4234106,Transitional,Grounding,Sensory-Calming
row_song_combination_2239.wav,0.2616657,0.36466002,0.4829133,0.4448445,0.47057188,0.32211375,0.39350414,0.38810265,Soothing,Grounding,Sensory-Calming
row_song_combination_2253.wav,0.3448533,0.39465067,0.46000826,0.41815373,0.48832023,0.35491782,0.4623193,0.3909831,Grounding,Transitional,Soothing
row_song_combination_2254.wav,0.37088126,0.4647901,0.48796856,0.54888713,0.5092258,0.38550127,0.54844636,0.41436523,Sensory-Calming,Transitional,Grounding
row_song_combination_2255.wav,0.23090003,0.38982576,0.49634716,0.4851573,0.48560533,0.35307038,0.3956456,0.4113012,Soothing,Grounding,Sensory-Calming
row_song_combination_2285.wav,0.19892104,0.08293645,0.05437749,-0.031269383,0.08948134,0.1319632,0.08505092,0.06013576,Stimulating,Focusing,Grounding
row_song_combination_2286.wav,0.18063107,0.14732717,0.2687269,0.27054435,0.21279542,0.18983203,0.26442954,0.25002328,Sensory-Calming,Soothing,Transitional
row_song_combination_2287.wav,0.17981671,0.22073972,0.3842619,0.37874344,0.37577718,0.27487382,0.2608528,0.34730256,Soothing,Sensory-Calming,Grounding
row_song_combination_2301.wav,0.19636104,0.10155596,0.01281682,-0.07698998,0.048235573,0.09374643,0.06945464,0.022120241,Stimulating,Playful,Focusing
row_song_combination_2302.wav,0.0885777,0.07923369,0.10078112,0.10173845,0.014037151,0.053211085,0.0931602,0.09792356,Sensory-Calming,Soothing,Anxiety-Reduction
row_song_combination_2303.wav,-0.029138116,0.04781788,0.16438326,0.123812124,0.12840347,0.081021406,0.05572732,0.16641945,Anxiety-Reduction,Soothing,Grounding
row_song_combination_845.wav,0.25623223,0.30942377,0.36685044,0.23079869,0.39503264,0.29341888,0.43713093,0.23954801,Transitional,Grounding,Soothing
row_song_combination_846.wav,0.27439302,0.34206527,0.38942719,0.3021833,0.43174094,0.32678902,0.490157,0.27200478,Transitional,Grounding,Soothing
row_song_combination_847.wav,0.24404833,0.34147578,0.3823587,0.3240709,0.41517836,0.28359878,0.4238462,0.24113138,Transitional,Grounding,Soothing
row_song_combination_861.wav,0.20101476,0.27798748,0.3346583,0.22054908,0.36099255,0.2585827,0.39461735,0.21250738,Transitional,Grounding,Soothing
row_song_combination_862.wav,0.18742475,0.2847681,0.34015322,0.2840273,0.37426496,0.27788216,0.43309945,0.23875298,Transitional,Grounding,Soothing
row_song_combination_863.wav,0.18235612,0.31532782,0.34996942,0.32235837,0.3895905,0.26948935,0.39484435,0.23200461,Transitional,Grounding,Soothing
row_song_combination_893.wav,0.26552132,0.32212263,0.388922,0.2619171,0.4046692,0.30100164,0.43957055,0.26791072,Transitional,Grounding,Soothing
row_song_combination_894.wav,0.28306836,0.35738808,0.4044879,0.31866938,0.44068506,0.3362118,0.49274668,0.2912881,Transitional,Grounding,Soothing
row_song_combination_895.wav,0.24425665,0.34741464,0.38955128,0.3346799,0.41925502,0.2888451,0.42023006,0.25490153,Transitional,Grounding,Soothing
row_song_combination_909.wav,0.22763464,0.3014574,0.371154,0.26132357,0.3855775,0.28390706,0.41293865,0.25540143,Transitional,Grounding,Soothing
row_song_combination_910.wav,0.2397501,0.33729842,0.38830036,0.33269116,0.4221881,0.32011852,0.46713567,0.28767055,Transitional,Grounding,Soothing
row_song_combination_911.wav,0.21390034,0.34329903,0.38440478,0.35604382,0.41767377,0.29080808,0.4104836,0.26410937,Grounding,Transitional,Soothing
row_song_combination_941.wav,0.23228092,0.2925551,0.36232674,0.23864707,0.38154602,0.27312303,0.40886518,0.23718637,Transitional,Grounding,Soothing
row_song_combination_942.wav,0.2589242,0.3377594,0.39079827,0.3104256,0.42535806,0.31621718,0.47490445,0.2743537,Transitional,Grounding,Soothing
row_song_combination_943.wav,0.22892645,0.33412293,0.37447998,0.3238025,0.4064953,0.27215707,0.40362698,0.2384394,Grounding,Transitional,Soothing
row_song_combination_957.wav,0.18003622,0.2614773,0.32731086,0.22400272,0.34630722,0.24077338,0.36779255,0.20790283,Transitional,Grounding,Soothing
row_song_combination_958.wav,0.17257896,0.27980047,0.33834037,0.29045638,0.3666057,0.2673443,0.41735834,0.23983616,Transitional,Grounding,Soothing
row_song_combination_959.wav,0.16694137,0.3067158,0.34154183,0.32170662,0.38088638,0.25833705,0.375875,0.22954786,Grounding,Transitional,Soothing
twinkle_song_combination_1037.wav,0.24275903,0.3500289,0.32489586,0.3447793,0.38103187,0.25155875,0.3412122,0.25011212,Grounding,Playful,Sensory-Calming
twinkle_song_combination_1038.wav,0.36682367,0.41727144,0.3148721,0.3578099,0.40058076,0.24662365,0.48706982,0.21770453,Transitional,Playful,Grounding
twinkle_song_combination_1039.wav,0.341002,0.33208176,0.25989076,0.22221038,0.33448917,0.1957354,0.37358493,0.19479094,Transitional,Stimulating,Grounding
twinkle_song_combination_1053.wav,0.2121399,0.36771476,0.27491027,0.34629545,0.3672834,0.2649171,0.32167083,0.21650165,Playful,Grounding,Sensory-Calming
twinkle_song_combination_1054.wav,0.2943972,0.39915434,0.24014282,0.30339682,0.3221894,0.22268528,0.4235031,0.14474294,Transitional,Playful,Grounding
twinkle_song_combination_1055.wav,0.3238051,0.33771622,0.21875605,0.18962765,0.3009366,0.18463111,0.3511972,0.14895026,Transitional,Playful,Stimulating
twinkle_song_combination_1085.wav,0.23675628,0.33288455,0.3215685,0.33691192,0.37575623,0.2464142,0.34173396,0.25177148,Grounding,Transitional,Sensory-Calming
twinkle_song_combination_1086.wav,0.37276655,0.41214797,0.3119536,0.3623792,0.4105163,0.24628916,0.5073917,0.2261109,Transitional,Playful,Grounding
twinkle_song_combination_1087.wav,0.37297797,0.3233273,0.26645473,0.23480937,0.34733537,0.21253763,0.3981669,0.21688992,Transitional,Stimulating,Grounding
twinkle_song_combination_1101.wav,0.19880489,0.34123847,0.26907355,0.3278756,0.3549389,0.25075948,0.31163815,0.216081,Grounding,Playful,Sensory-Calming
twinkle_song_combination_1102.wav,0.30439806,0.3902505,0.23176765,0.31039408,0.33132634,0.22272025,0.4443552,0.1498493,Transitional,Playful,Grounding
twinkle_song_combination_1103.wav,0.3623809,0.33178666,0.22256854,0.20861048,0.31849644,0.20395136,0.37614143,0.17006016,Transitional,Stimulating,Playful
twinkle_song_combination_1133.wav,0.17880052,0.2693122,0.31125373,0.34884638,0.35405162,0.23297939,0.31592536,0.2533771,Grounding,Sensory-Calming,Transitional
twinkle_song_combination_1134.wav,0.25154623,0.25477362,0.31661293,0.35032755,0.3561619,0.24462068,0.4363175,0.26021588,Transitional,Grounding,Sensory-Calming
twinkle_song_combination_1135.wav,0.17530914,0.13228965,0.1353758,0.048637256,0.1705875,0.13327686,0.15384701,0.092228234,Stimulating,Grounding,Transitional
twinkle_song_combination_1149.wav,0.06698356,0.20884562,0.20624352,0.29935288,0.2755264,0.19398619,0.22503643,0.16937846,Sensory-Calming,Grounding,Transitional
twinkle_song_combination_1150.wav,0.116444714,0.18022117,0.1588541,0.21041465,0.16962484,0.14700913,0.24252248,0.11890719,Transitional,Sensory-Calming,Playful
twinkle_song_combination_1151.wav,0.15604886,0.13084775,0.06911821,-0.011236304,0.10565336,0.09536775,0.08229601,0.030075792,Stimulating,Playful,Grounding
twinkle_song_combination_1421.wav,0.24553892,0.30771708,0.33778736,0.36198926,0.39888483,0.25543886,0.36777344,0.2889692,Grounding,Transitional,Sensory-Calming
twinkle_song_combination_1422.wav,0.39563042,0.39350152,0.30124128,0.35620046,0.42209196,0.24574721,0.53701854,0.23284774,Transitional,Grounding,Stimulating
twinkle_song_combination_1423.wav,0.39577517,0.3577907,0.31423664,0.30925047,0.44159308,0.26795045,0.49791974,0.28426397,Transitional,Grounding,Stimulating
twinkle_song_combination_1437.wav,0.19167629,0.31743243,0.27853838,0.33881813,0.3644051,0.23512602,0.34450933,0.23976773,Grounding,Transitional,Sensory-Calming
twinkle_song_combination_1438.wav,0.32369435,0.3909148,0.24343684,0.32825166,0.35950124,0.22700079,0.46947217,0.17437112,Transitional,Playful,Grounding
twinkle_song_combination_1439.wav,0.37442398,0.35386786,0.2704638,0.276712,0.4073328,0.26071852,0.46594176,0.2362181,Transitional,Grounding,Stimulating
twinkle_song_combination_1469.wav,0.23375815,0.29532838,0.31612766,0.35499477,0.3871745,0.25053248,0.35188457,0.27944925,Grounding,Sensory-Calming,Transitional
twinkle_song_combination_1470.wav,0.40191692,0.39896417,0.2790481,0.33937317,0.41978383,0.24959613,0.54518497,0.22318755,Transitional,Grounding,Stimulating
twinkle_song_combination_1471.wav,0.41160312,0.35582933,0.29040274,0.28402746,0.4309529,0.27570775,0.50161535,0.27269775,Transitional,Grounding,Stimulating
twinkle_song_combination_1485.wav,0.15634613,0.27665213,0.23812476,0.3125925,0.3326943,0.21628965,0.2987787,0.2187888,Grounding,Sensory-Calming,Transitional
twinkle_song_combination_1486.wav,0.3285968,0.39127737,0.21285398,0.31271693,0.3536455,0.22775733,0.47444096,0.16375178,Transitional,Playful,Grounding
twinkle_song_combination_1487.wav,0.39194998,0.3536675,0.2473577,0.25599095,0.39962554,0.26910502,0.46506774,0.22606438,Transitional,Grounding,Stimulating
twinkle_song_combination_1517.wav,0.16773826,0.16985142,0.2589109,0.3292242,0.32908225,0.220604,0.27827767,0.25872827,Sensory-Calming,Grounding,Transitional
twinkle_song_combination_1518.wav,0.386572,0.33037633,0.26698008,0.33685774,0.39306554,0.26426756,0.51082575,0.24273133,Transitional,Grounding,Stimulating
twinkle_song_combination_1519.wav,0.3667675,0.2955493,0.21474753,0.2487778,0.36284718,0.26141274,0.40495327,0.24930787,Transitional,Stimulating,Grounding
twinkle_song_combination_1533.wav,0.06173288,0.10503633,0.1300251,0.24315594,0.2328411,0.17158976,0.16078976,0.16881482,Sensory-Calming,Grounding,Focusing
twinkle_song_combination_1534.wav,0.26553798,0.29705364,0.18392333,0.29254597,0.28192234,0.23664957,0.36809802,0.18834913,Transitional,Playful,Sensory-Calming
twinkle_song_combination_1535.wav,0.3267607,0.27875018,0.15778086,0.19871706,0.2970249,0.24054821,0.32048732,0.1907845,Stimulating,Transitional,Grounding
twinkle_song_combination_1613.wav,0.24793205,0.3162266,0.34808663,0.37009937,0.4042758,0.26365632,0.3632224,0.2956829,Grounding,Sensory-Calming,Transitional
twinkle_song_combination_1614.wav,0.3882918,0.37876695,0.32062808,0.37104923,0.4222529,0.24440545,0.5369078,0.24095501,Transitional,Grounding,Stimulating
twinkle_song_combination_1615.wav,0.3767812,0.32199925,0.31283668,0.2974368,0.41817132,0.24803163,0.4764251,0.2731858,Transitional,Grounding,Stimulating
twinkle_song_combination_1629.wav,0.19311666,0.33452064,0.29013348,0.35244793,0.3749997,0.25684103,0.33820057,0.24868469,Grounding,Sensory-Calming,Transitional
twinkle_song_combination_1630.wav,0.2998301,0.365174,0.2511773,0.3194241,0.34121513,0.21775818,0.4575836,0.16720857,Transitional,Playful,Grounding
twinkle_song_combination_1631.wav,0.3559684,0.31843558,0.26331684,0.25904745,0.37661648,0.23170725,0.44439465,0.21558562,Transitional,Grounding,Stimulating
twinkle_song_combination_1661.wav,0.23892705,0.30438536,0.32734329,0.36084083,0.3934005,0.25674415,0.3536238,0.28499687,Grounding,Sensory-Calming,Transitional
twinkle_song_combination_1662.wav,0.39621115,0.3828979,0.30082288,0.35527855,0.42064455,0.24284816,0.5502592,0.23247918,Transitional,Grounding,Stimulating
twinkle_song_combination_1663.wav,0.4005167,0.3213637,0.2960436,0.27916026,0.4136958,0.2567174,0.48511308,0.2701278,Transitional,Grounding,Stimulating
twinkle_song_combination_1677.wav,0.15711,0.2887823,0.24783356,0.32343793,0.34275818,0.23232716,0.30022866,0.2244082,Grounding,Sensory-Calming,Transitional
twinkle_song_combination_1678.wav,0.30715194,0.36387885,0.22012617,0.3103487,0.3381371,0.21299486,0.46782896,0.15493813,Transitional,Playful,Grounding
twinkle_song_combination_1679.wav,0.38038167,0.31941473,0.24814567,0.2477081,0.37793288,0.24334928,0.45101038,0.21358383,Transitional,Stimulating,Grounding
twinkle_song_combination_1709.wav,0.16299026,0.18444762,0.2974297,0.3554489,0.34738266,0.23050576,0.28600544,0.2837324,Sensory-Calming,Grounding,Soothing
twinkle_song_combination_1710.wav,0.3270263,0.24373546,0.29388666,0.35370654,0.38066638,0.2613975,0.48760664,0.26688528,Transitional,Grounding,Sensory-Calming
twinkle_song_combination_1711.wav,0.24774447,0.126892,0.1546624,0.14215606,0.24070114,0.16182986,0.2564634,0.16574988,Transitional,Stimulating,Grounding
twinkle_song_combination_1725.wav,-0.010941998,0.038234644,0.07665655,0.1630331,0.1596653,0.11312221,0.082001984,0.10351522,Sensory-Calming,Grounding,Focusing
twinkle_song_combination_1726.wav,0.110328406,0.08460976,0.09192935,0.14962065,0.10575959,0.12716004,0.1861094,0.08867098,Transitional,Sensory-Calming,Focusing
twinkle_song_combination_1727.wav,0.20523754,0.098070845,0.06298856,0.055744186,0.1344041,0.10250251,0.14129063,0.07162179,Stimulating,Transitional,Grounding
twinkle_song_combination_1997.wav,0.22132194,0.3179579,0.2948286,0.3345727,0.36665398,0.2410987,0.32489467,0.24761829,Grounding,Sensory-Calming,Transitional
twinkle_song_combination_1998.wav,0.36427295,0.42321467,0.28835937,0.34321082,0.388588,0.23692183,0.48625964,0.20822287,Transitional,Playful,Grounding
twinkle_song_combination_1999.wav,0.36261505,0.36714673,0.23047207,0.23659709,0.3458842,0.19904774,0.4060401,0.19112283,Transitional,Playful,Stimulating
twinkle_song_combination_2013.wav,0.16697301,0.31011915,0.21479005,0.2883978,0.3130086,0.22033226,0.28284302,0.179926,Grounding,Playful,Sensory-Calming
twinkle_song_combination_2014.wav,0.27426434,0.39329782,0.19204569,0.27093306,0.28423947,0.1924934,0.39115703,0.11391428,Playful,Transitional,Grounding
twinkle_song_combination_2015.wav,0.34743586,0.3709251,0.18275866,0.1949768,0.306529,0.19103798,0.37566915,0.13850962,Transitional,Playful,Stimulating
twinkle_song_combination_2045.wav,0.20888504,0.29391497,0.2687845,0.3219636,0.35192227,0.23819771,0.31136522,0.23606408,Grounding,Sensory-Calming,Transitional
twinkle_song_combination_2046.wav,0.3696789,0.42070514,0.2709331,0.33737656,0.39429596,0.23689605,0.5023973,0.20494159,Transitional,Playful,Grounding
twinkle_song_combination_2047.wav,0.38002962,0.35467523,0.21354443,0.22913305,0.34887868,0.21330363,0.4259292,0.19428529,Transitional,Stimulating,Playful
twinkle_song_combination_2061.wav,0.14641482,0.27494878,0.19003162,0.27232748,0.2929153,0.21251556,0.25303388,0.17401339,Grounding,Playful,Sensory-Calming
twinkle_song_combination_2062.wav,0.28748113,0.39699322,0.16636711,0.2678806,0.2873125,0.19607756,0.4090598,0.105538234,Transitional,Playful,Stimulating
twinkle_song_combination_2063.wav,0.36464202,0.360636,0.15753862,0.19303206,0.30659157,0.20192292,0.3874485,0.13670883,Transitional,Stimulating,Playful
twinkle_song_combination_2093.wav,0.1021983,0.10028522,0.1642926,0.24902213,0.25864813,0.17994645,0.20810518,0.19580221,Grounding,Sensory-Calming,Transitional
twinkle_song_combination_2094.wav,0.29516006,0.2725726,0.23418778,0.3158169,0.32698768,0.23892313,0.42644417,0.22592573,Transitional,Grounding,Sensory-Calming
twinkle_song_combination_2095.wav,0.32846874,0.28998533,0.14915687,0.20363218,0.30909377,0.233893,0.35500336,0.19411938,Transitional,Stimulating,Grounding
twinkle_song_combination_2109.wav,0.043725558,0.046654973,0.017506022,0.14585254,0.15709761,0.12014848,0.08704558,0.085729994,Grounding,Sensory-Calming,Focusing
twinkle_song_combination_2110.wav,0.19215748,0.22869107,0.11543339,0.21571168,0.15624216,0.1694051,0.24693725,0.11993495,Transitional,Playful,Sensory-Calming
twinkle_song_combination_2111.wav,0.289536,0.26954725,0.09131625,0.15205435,0.244057,0.23064122,0.26743025,0.14505354,Stimulating,Playful,Transitional
twinkle_song_combination_2189.wav,0.21719432,0.32698846,0.30816218,0.34544018,0.37269384,0.25627068,0.31558615,0.25711066,Grounding,Sensory-Calming,Playful
twinkle_song_combination_2190.wav,0.3467561,0.40197447,0.2993872,0.34017992,0.37400126,0.22942881,0.47377986,0.20633382,Transitional,Playful,Grounding
twinkle_song_combination_2191.wav,0.2941897,0.30281046,0.19298998,0.16270864,0.26816344,0.14588913,0.31544062,0.13457306,Transitional,Playful,Stimulating
twinkle_song_combination_2205.wav,0.17678925,0.33634278,0.25600362,0.3289609,0.3452513,0.26423705,0.28742146,0.21587884,Grounding,Playful,Sensory-Calming
twinkle_song_combination_2206.wav,0.25178075,0.36420688,0.20769805,0.26414382,0.26726624,0.18537676,0.38088074,0.11094015,Transitional,Playful,Grounding
twinkle_song_combination_2207.wav,0.2818234,0.30336332,0.15139693,0.12335464,0.22918536,0.13470794,0.2933475,0.085000895,Playful,Transitional,Stimulating
twinkle_song_combination_2237.wav,0.2144037,0.30566308,0.2837867,0.33477342,0.36001423,0.25160116,0.30982175,0.24628264,Grounding,Sensory-Calming,Transitional
twinkle_song_combination_2238.wav,0.36055568,0.4059918,0.28656483,0.3437309,0.3869897,0.23049386,0.49947745,0.20939264,Transitional,Playful,Grounding
twinkle_song_combination_2239.wav,0.3319429,0.29888707,0.18442899,0.18506864,0.28894994,0.16641551,0.35537636,0.15549088,Transitional,Stimulating,Playful
twinkle_song_combination_2253.wav,0.1596966,0.2997942,0.22080563,0.30586535,0.32213065,0.2468181,0.2613649,0.20244257,Grounding,Sensory-Calming,Playful
twinkle_song_combination_2254.wav,0.2730427,0.3729471,0.18375823,0.26731452,0.277025,0.18756911,0.40617546,0.10694272,Transitional,Playful,Grounding
twinkle_song_combination_2255.wav,0.32236597,0.30450922,0.13014552,0.14749664,0.24764317,0.15579207,0.32844663,0.095196195,Transitional,Stimulating,Playful
twinkle_song_combination_2285.wav,0.0816305,0.12266381,0.21566328,0.2887816,0.28094155,0.2064067,0.21081087,0.23018627,Sensory-Calming,Grounding,Anxiety-Reduction
twinkle_song_combination_2286.wav,0.15125176,0.08424242,0.2206541,0.25030237,0.2301738,0.18891086,0.32119006,0.21906117,Transitional,Sensory-Calming,Grounding
twinkle_song_combination_2287.wav,0.13690764,-0.0061844774,0.00957053,-0.081665985,0.058485337,0.08775797,0.057425886,0.028873747,Stimulating,Focusing,Grounding
twinkle_song_combination_2301.wav,-0.0118942475,-0.011991978,0.022862123,0.03804707,0.09307491,0.09485963,0.057447795,0.04590942,Focusing,Grounding,Transitional
twinkle_song_combination_2302.wav,0.047084164,0.012148511,0.042406473,0.041675992,-0.02609797,0.042775437,0.058353156,0.042293336,Transitional,Stimulating,Focusing
twinkle_song_combination_2303.wav,0.16749164,0.034246363,-0.03377285,-0.11860411,0.017055785,0.08513416,0.03131593,-0.013070541,Stimulating,Focusing,Playful
twinkle_song_combination_845.wav,0.24309395,0.33832812,0.3160149,0.3333993,0.3745551,0.2392855,0.35015145,0.242819,Grounding,Transitional,Playful
twinkle_song_combination_846.wav,0.37508166,0.42781705,0.30123824,0.35736176,0.4058814,0.24465668,0.49098027,0.21403924,Transitional,Playful,Grounding
twinkle_song_combination_847.wav,0.3771828,0.3676996,0.27750623,0.26005766,0.3787287,0.21933661,0.422041,0.2221408,Transitional,Grounding,Stimulating
twinkle_song_combination_861.wav,0.20153503,0.34571183,0.24418774,0.30754018,0.33841085,0.22749864,0.32261115,0.18750887,Playful,Grounding,Transitional
twinkle_song_combination_862.wav,0.30613714,0.4133892,0.22303179,0.30651242,0.32960826,0.2213532,0.42631188,0.14114164,Transitional,Playful,Grounding
twinkle_song_combination_863.wav,0.36216187,0.37493417,0.235524,0.22993837,0.3487001,0.2146411,0.3968237,0.17914036,Transitional,Playful,Stimulating
twinkle_song_combination_893.wav,0.23598894,0.32542366,0.31505293,0.33013707,0.37261486,0.23982997,0.34803408,0.24789703,Grounding,Transitional,Sensory-Calming
twinkle_song_combination_894.wav,0.376872,0.42217347,0.29193556,0.35457772,0.40916827,0.24256039,0.5033121,0.21447608,Transitional,Playful,Grounding
twinkle_song_combination_895.wav,0.3958037,0.35728815,0.2819847,0.2589198,0.3826846,0.2280936,0.43803626,0.23331833,Transitional,Stimulating,Grounding
twinkle_song_combination_909.wav,0.18895407,0.3259312,0.25309086,0.3028229,0.33577994,0.22378303,0.31282365,0.20100722,Grounding,Playful,Transitional
twinkle_song_combination_910.wav,0.31203112,0.40766254,0.21505879,0.3090194,0.33475626,0.22169362,0.44116408,0.14375146,Transitional,Playful,Grounding
twinkle_song_combination_911.wav,0.3870445,0.3671036,0.23640159,0.23266113,0.35360205,0.22339837,0.41085,0.18900236,Transitional,Stimulating,Playful
twinkle_song_combination_941.wav,0.2028706,0.2636682,0.29155147,0.32866383,0.34634972,0.21847871,0.3313433,0.2371952,Grounding,Transitional,Sensory-Calming
twinkle_song_combination_942.wav,0.3334151,0.35146546,0.31082422,0.37588203,0.3928773,0.25216654,0.47670075,0.2528289,Transitional,Grounding,Sensory-Calming
twinkle_song_combination_943.wav,0.33103088,0.31793943,0.24020533,0.23420112,0.34448856,0.23396862,0.3583237,0.2161007,Transitional,Grounding,Stimulating
twinkle_song_combination_957.wav,0.16019213,0.26071072,0.22030845,0.32400483,0.31417656,0.20802265,0.2799781,0.1935112,Sensory-Calming,Grounding,Transitional
twinkle_song_combination_958.wav,0.23518743,0.32323712,0.22595482,0.33127382,0.2966571,0.22517695,0.36181885,0.18942028,Transitional,Sensory-Calming,Playful
twinkle_song_combination_959.wav,0.27806586,0.30020082,0.17249215,0.16876324,0.27295136,0.20586222,0.2660964,0.15498081,Playful,Stimulating,Grounding
wheels_song_combination_1037.wav,0.16514903,0.31136185,0.40752378,0.4273292,0.39205807,0.25259364,0.3075282,0.35128304,Sensory-Calming,Soothing,Grounding
wheels_song_combination_1038.wav,0.31878316,0.43247074,0.4482844,0.5138287,0.44299847,0.33883697,0.40726516,0.40258884,Sensory-Calming,Soothing,Grounding
wheels_song_combination_1039.wav,0.40550232,0.4376276,0.33042312,0.3667308,0.41494012,0.352556,0.3151597,0.33719403,Playful,Grounding,Stimulating
wheels_song_combination_1053.wav,0.14651646,0.3401475,0.4038297,0.43862772,0.39370292,0.2698332,0.29510528,0.35348883,Sensory-Calming,Soothing,Grounding
wheels_song_combination_1054.wav,0.25247574,0.41253063,0.39074144,0.4950079,0.39012623,0.32325852,0.32773238,0.3646961,Sensory-Calming,Playful,Soothing
wheels_song_combination_1055.wav,0.39517367,0.42961028,0.3179785,0.3571447,0.40090686,0.3440621,0.29614866,0.32478532,Playful,Grounding,Stimulating
wheels_song_combination_1085.wav,0.19465308,0.35721055,0.3665641,0.45725194,0.38626027,0.26821205,0.30172154,0.32420146,Sensory-Calming,Grounding,Soothing
wheels_song_combination_1086.wav,0.33082324,0.48996627,0.35863477,0.4811877,0.41184428,0.34497747,0.3784637,0.33201194,Playful,Sensory-Calming,Grounding
wheels_song_combination_1087.wav,0.39476937,0.48844218,0.27086294,0.33648115,0.38053504,0.33203816,0.30991805,0.26984912,Playful,Stimulating,Grounding
wheels_song_combination_1101.wav,0.147317,0.34850487,0.33238512,0.43042934,0.35628426,0.25547186,0.26709405,0.2967383,Sensory-Calming,Grounding,Playful
wheels_song_combination_1102.wav,0.25503495,0.44683757,0.30692613,0.44115484,0.3367331,0.3005126,0.28916866,0.28178865,Playful,Sensory-Calming,Grounding
wheels_song_combination_1103.wav,0.38660777,0.48203698,0.26282823,0.3286664,0.3701478,0.32345498,0.29612,0.26077232,Playful,Stimulating,Grounding
wheels_song_combination_1133.wav,0.12776528,0.25116098,0.34606946,0.44747782,0.3590159,0.22449386,0.23701587,0.33732957,Sensory-Calming,Grounding,Soothing
wheels_song_combination_1134.wav,0.24172664,0.35676894,0.3621316,0.48417997,0.3679535,0.30896187,0.29026002,0.3538226,Sensory-Calming,Grounding,Soothing
wheels_song_combination_1135.wav,0.3454616,0.35703826,0.24876705,0.2839322,0.32963735,0.29952404,0.22743784,0.2630813,Playful,Stimulating,Grounding
wheels_song_combination_1149.wav,0.07395851,0.24133734,0.28905192,0.41541874,0.30970842,0.20682937,0.19893509,0.2829466,Sensory-Calming,Grounding,Soothing
wheels_song_combination_1150.wav,0.15081596,0.2968498,0.28592283,0.42757034,0.26941696,0.26231802,0.17929631,0.28724617,Sensory-Calming,Playful,Anxiety-Reduction
wheels_song_combination_1151.wav,0.3346804,0.348385,0.24065839,0.2733656,0.3154096,0.28867367,0.20738265,0.25225398,Playful,Stimulating,Grounding
wheels_song_combination_1421.wav,0.17952284,0.3015981,0.3929268,0.4206797,0.40197363,0.25759494,0.3405764,0.35122788,Sensory-Calming,Grounding,Soothing
wheels_song_combination_1422.wav,0.40355307,0.4736193,0.37166363,0.48068938,0.43585077,0.35493556,0.4886487,0.35528564,Transitional,Sensory-Calming,Playful
wheels_song_combination_1423.wav,0.45183325,0.46082193,0.33393532,0.3586884,0.47464043,0.41506553,0.48261723,0.35492575,Transitional,Grounding,Playful
wheels_song_combination_1437.wav,0.17294201,0.31924263,0.38246426,0.41911793,0.40137142,0.2667658,0.33468002,0.34469253,Sensory-Calming,Grounding,Soothing
wheels_song_combination_1438.wav,0.36667642,0.46499494,0.33063963,0.46678072,0.40041053,0.34821516,0.4345221,0.32657832,Sensory-Calming,Playful,Transitional
wheels_song_combination_1439.wav,0.44436556,0.4555409,0.32526034,0.35260862,0.46540278,0.40780836,0.47050327,0.34440118,Transitional,Grounding,Playful
wheels_song_combination_1469.wav,0.21532735,0.3489434,0.3470266,0.42461497,0.38848847,0.26283354,0.34882206,0.30641368,Sensory-Calming,Grounding,Playful
wheels_song_combination_1470.wav,0.41599762,0.50738806,0.31024647,0.45272422,0.41607797,0.361933,0.47543478,0.30566528,Playful,Transitional,Sensory-Calming
wheels_song_combination_1471.wav,0.48054147,0.5209954,0.32445854,0.37255073,0.4800004,0.42071313,0.4983721,0.34032273,Playful,Transitional,Stimulating
wheels_song_combination_1485.wav,0.20054875,0.35618943,0.32785514,0.4053617,0.3779377,0.26258567,0.3367931,0.288077,Sensory-Calming,Grounding,Playful
wheels_song_combination_1486.wav,0.37871203,0.49503592,0.28146768,0.43865588,0.38129428,0.34622538,0.42474124,0.27721727,Playful,Sensory-Calming,Transitional
wheels_song_combination_1487.wav,0.47509792,0.518139,0.32046264,0.37052673,0.4747954,0.4176966,0.48840594,0.33484763,Playful,Transitional,Stimulating
wheels_song_combination_1517.wav,0.16270605,0.2615934,0.3471833,0.41922233,0.374506,0.23092493,0.3079257,0.32829157,Sensory-Calming,Grounding,Soothing
wheels_song_combination_1518.wav,0.3589682,0.41337326,0.29539797,0.431233,0.3736993,0.3264867,0.43155938,0.30162248,Transitional,Sensory-Calming,Playful
wheels_song_combination_1519.wav,0.39574766,0.39601958,0.27055597,0.29830143,0.41360962,0.37859824,0.42093956,0.30605662,Transitional,Grounding,Playful
wheels_song_combination_1533.wav,0.15948147,0.27714473,0.33612442,0.41188878,0.37352556,0.24093953,0.3021754,0.31548393,Sensory-Calming,Grounding,Soothing
wheels_song_combination_1534.wav,0.3156699,0.39743972,0.25317758,0.41352117,0.32954276,0.31418082,0.36674342,0.26681593,Sensory-Calming,Playful,Transitional
wheels_song_combination_1535.wav,0.38964346,0.39138818,0.26395422,0.294044,0.4061275,0.37307125,0.41087335,0.2958162,Transitional,Grounding,Playful
wheels_song_combination_1613.wav,0.17910461,0.31264862,0.42158598,0.42057866,0.40585572,0.25353,0.34848455,0.35797238,Soothing,Sensory-Calming,Grounding
wheels_song_combination_1614.wav,0.35173965,0.3998068,0.4197426,0.5080882,0.44059408,0.33053714,0.49062046,0.37903744,Sensory-Calming,Transitional,Grounding
wheels_song_combination_1615.wav,0.43081233,0.40173575,0.34096587,0.34003833,0.45222816,0.37712213,0.45672682,0.3258922,Transitional,Grounding,Stimulating
wheels_song_combination_1629.wav,0.16109015,0.33964515,0.4164523,0.43528336,0.41248962,0.27027076,0.342523,0.36318982,Sensory-Calming,Soothing,Grounding
wheels_song_combination_1630.wav,0.28417802,0.37146258,0.35902405,0.48019794,0.3860559,0.3181022,0.40980086,0.3376984,Sensory-Calming,Transitional,Grounding
wheels_song_combination_1631.wav,0.42247048,0.39399105,0.32458556,0.3281284,0.43754432,0.36682948,0.439155,0.3094265,Transitional,Grounding,Stimulating
wheels_song_combination_1661.wav,0.20397842,0.35650495,0.3834173,0.44256634,0.39820722,0.2660188,0.34798503,0.3262653,Sensory-Calming,Grounding,Soothing
wheels_song_combination_1662.wav,0.37806684,0.45231688,0.35104778,0.49878448,0.4250703,0.34757963,0.47365472,0.32865116,Sensory-Calming,Transitional,Playful
wheels_song_combination_1663.wav,0.47312772,0.49103773,0.34532034,0.3835282,0.4784879,0.40398926,0.48347223,0.3271308,Playful,Transitional,Grounding
wheels_song_combination_1677.wav,0.16886315,0.3663727,0.36040133,0.43473542,0.39157638,0.2741509,0.33163235,0.3153937,Sensory-Calming,Grounding,Playful
wheels_song_combination_1678.wav,0.29448354,0.40689385,0.29530007,0.4575951,0.35547143,0.31651655,0.37969288,0.27726337,Sensory-Calming,Playful,Transitional
wheels_song_combination_1679.wav,0.46690732,0.48614612,0.3361171,0.37562346,0.47029978,0.39952874,0.47214937,0.3171702,Playful,Transitional,Grounding
wheels_song_combination_1709.wav,0.15132034,0.27600154,0.38299933,0.43194705,0.38081342,0.22634481,0.30926436,0.34296387,Sensory-Calming,Soothing,Grounding
wheels_song_combination_1710.wav,0.28770226,0.32091206,0.33211726,0.45364797,0.36099112,0.29531512,0.40555125,0.3149126,Sensory-Calming,Transitional,Grounding
wheels_song_combination_1711.wav,0.38283318,0.3210352,0.24966547,0.25118086,0.36573786,0.31791073,0.38366705,0.24559489,Transitional,Stimulating,Grounding
wheels_song_combination_1725.wav,0.11437532,0.28556806,0.35103998,0.42384416,0.37082767,0.23081546,0.29299015,0.31797436,Sensory-Calming,Grounding,Soothing
wheels_song_combination_1726.wav,0.1800594,0.23264542,0.22072244,0.3596767,0.2405557,0.23757742,0.26782387,0.22055897,Sensory-Calming,Transitional,Grounding
wheels_song_combination_1727.wav,0.3762634,0.31364983,0.23660849,0.23943694,0.35187683,0.30879292,0.36832237,0.23000279,Stimulating,Transitional,Grounding
wheels_song_combination_1997.wav,0.1342905,0.26540083,0.33382136,0.3570211,0.34583223,0.22832632,0.26359826,0.305266,Sensory-Calming,Grounding,Soothing
wheels_song_combination_1998.wav,0.31302544,0.41424584,0.31480038,0.3622499,0.30571792,0.28517783,0.35029906,0.25488445,Playful,Sensory-Calming,Transitional
wheels_song_combination_1999.wav,0.36356428,0.38879812,0.19692788,0.21144895,0.28795663,0.25821573,0.27188265,0.19729172,Playful,Stimulating,Grounding
wheels_song_combination_2013.wav,0.12047535,0.27471966,0.31748712,0.34579286,0.33681613,0.23387781,0.24346188,0.29418212,Sensory-Calming,Grounding,Soothing
wheels_song_combination_2014.wav,0.2755245,0.3940361,0.26826978,0.33037823,0.2595517,0.27317357,0.29468226,0.215642,Playful,Sensory-Calming,Transitional
wheels_song_combination_2015.wav,0.35629794,0.38443452,0.19022405,0.2029711,0.27856094,0.25214866,0.26229858,0.18847631,Playful,Stimulating,Grounding
wheels_song_combination_2045.wav,0.16624898,0.30610093,0.26601267,0.36650497,0.31747854,0.2183998,0.25229,0.24160701,Sensory-Calming,Grounding,Playful
wheels_song_combination_2046.wav,0.3127467,0.43981326,0.21800458,0.30274707,0.2552329,0.2690805,0.3144096,0.173985,Playful,Transitional,Stimulating
wheels_song_combination_2047.wav,0.3310241,0.4105215,0.12903035,0.14934197,0.23756623,0.21566918,0.24244091,0.12153663,Playful,Stimulating,Transitional
wheels_song_combination_2061.wav,0.15030918,0.30668312,0.25630295,0.34810066,0.30677193,0.21880838,0.23498769,0.2292558,Sensory-Calming,Grounding,Playful
wheels_song_combination_2062.wav,0.27859485,0.41634822,0.19699055,0.2824301,0.21839583,0.25012058,0.26791638,0.15042365,Playful,Sensory-Calming,Stimulating
wheels_song_combination_2063.wav,0.3247769,0.40583605,0.12564391,0.14470184,0.2313774,0.21010947,0.23384535,0.11688304,Playful,Stimulating,Transitional
wheels_song_combination_2093.wav,0.046946198,0.118195765,0.17649046,0.2619046,0.23455118,0.14570548,0.14229918,0.22188511,Sensory-Calming,Grounding,Anxiety-Reduction
wheels_song_combination_2094.wav,0.23600581,0.2912162,0.19385003,0.27875274,0.20211577,0.21812677,0.26532635,0.16850692,Playful,Sensory-Calming,Transitional
wheels_song_combination_2095.wav,0.27330774,0.27762222,0.13055564,0.15114179,0.21930222,0.22348282,0.18111365,0.165949,Playful,Stimulating,Focusing
wheels_song_combination_2109.wav,0.04140117,0.1268642,0.18397586,0.2529947,0.23405017,0.14522815,0.12678625,0.20789063,Sensory-Calming,Grounding,Anxiety-Reduction
wheels_song_combination_2110.wav,0.21817923,0.29175577,0.18220192,0.27153924,0.17553258,0.21069528,0.22140095,0.15187304,Playful,Sensory-Calming,Transitional
wheels_song_combination_2111.wav,0.26782715,0.27464122,0.12940738,0.14655833,0.2130164,0.21924995,0.17208737,0.161452,Playful,Stimulating,Focusing
wheels_song_combination_2189.wav,0.12217142,0.2795872,0.3670016,0.35859042,0.35104227,0.23170166,0.26352036,0.3200493,Soothing,Sensory-Calming,Grounding
wheels_song_combination_2190.wav,0.1738508,0.24695984,0.30488968,0.3036303,0.22004952,0.19725017,0.27424234,0.25254655,Soothing,Sensory-Calming,Transitional
wheels_song_combination_2191.wav,0.22050782,0.20696446,0.086265326,0.016037576,0.10028768,0.12789348,0.08167898,0.05408647,Stimulating,Playful,Focusing
wheels_song_combination_2205.wav,0.08853073,0.2883795,0.35066575,0.3618893,0.34024152,0.23935603,0.23549403,0.31453848,Sensory-Calming,Soothing,Grounding
wheels_song_combination_2206.wav,0.12014086,0.20318107,0.23281616,0.24921222,0.1484864,0.16580229,0.19749936,0.1965721,Sensory-Calming,Soothing,Playful
wheels_song_combination_2207.wav,0.21566442,0.20065317,0.079300314,0.007840214,0.090959035,0.12458307,0.07010563,0.046426907,Stimulating,Playful,Focusing
wheels_song_combination_2237.wav,0.13383678,0.304726,0.29510683,0.3873504,0.3164492,0.21921876,0.23184794,0.2631442,Sensory-Calming,Grounding,Playful
wheels_song_combination_2238.wav,0.21306749,0.33481604,0.21229506,0.28184658,0.19089831,0.20566821,0.25644955,0.17101297,Playful,Sensory-Calming,Transitional
wheels_song_combination_2239.wav,0.22629109,0.29123187,0.07241932,0.05546728,0.1128744,0.13843669,0.103541285,0.037769616,Playful,Stimulating,Focusing
wheels_song_combination_2253.wav,0.08471205,0.2640015,0.24489792,0.3343249,0.2679542,0.19636862,0.19098863,0.22573675,Sensory-Calming,Grounding,Playful
wheels_song_combination_2254.wav,0.16923915,0.3011278,0.18681604,0.26336455,0.1433021,0.17688873,0.20136419,0.14851019,Playful,Sensory-Calming,Transitional
wheels_song_combination_2255.wav,0.22229642,0.2861276,0.06944582,0.049426306,0.105839804,0.13365881,0.0936456,0.03339903,Playful,Stimulating,Focusing
wheels_song_combination_2285.wav,-0.0038242787,0.0979185,0.19721168,0.23727837,0.20506573,0.112135544,0.11836042,0.22879662,Sensory-Calming,Anxiety-Reduction,Grounding
wheels_song_combination_2286.wav,0.063667946,0.053359408,0.12519908,0.11527162,0.03197127,0.063964814,0.09518262,0.11661206,Soothing,Anxiety-Reduction,Sensory-Calming
wheels_song_combination_2287.wav,0.21159445,0.10423488,0.0058805747,-0.08531676,0.041597284,0.109978475,0.042633373,0.01577392,Stimulating,Focusing,Playful
wheels_song_combination_2301.wav,-0.017029801,0.054815706,0.11838928,0.10696146,0.120440945,0.08525282,0.08600926,0.1500377,Anxiety-Reduction,Grounding,Soothing
wheels_song_combination_2302.wav,0.05895122,0.06353135,0.111527294,0.107510656,0.012446536,0.06328684,0.07295409,0.10056611,Soothing,Sensory-Calming,Anxiety-Reduction
wheels_song_combination_2303.wav,0.21344721,0.109775394,0.0068748156,-0.08556431,0.03952644,0.10802306,0.03531167,0.013239209,Stimulating,Playful,Focusing
wheels_song_combination_845.wav,0.1635926,0.29522985,0.37749982,0.42179736,0.38695943,0.2546463,0.29881334,0.34475577,Sensory-Calming,Grounding,Soothing
wheels_song_combination_846.wav,0.3696795,0.4959455,0.4085737,0.4854135,0.44582656,0.3698247,0.4184171,0.37636507,Playful,Sensory-Calming,Grounding
wheels_song_combination_847.wav,0.43927234,0.51508135,0.33363575,0.42966688,0.46569595,0.39511007,0.37644294,0.37778568,Playful,Grounding,Stimulating
wheels_song_combination_861.wav,0.15740812,0.31241578,0.36468738,0.41597688,0.38170597,0.26231995,0.28986925,0.33477503,Sensory-Calming,Grounding,Soothing
wheels_song_combination_862.wav,0.34287184,0.49555314,0.37192684,0.47216752,0.41926116,0.3680886,0.3748196,0.35037884,Playful,Sensory-Calming,Grounding
wheels_song_combination_863.wav,0.43268508,0.51284707,0.32690832,0.42642662,0.45856637,0.3905206,0.36409205,0.37103322,Playful,Grounding,Stimulating
wheels_song_combination_893.wav,0.20037755,0.34428775,0.32466063,0.4251308,0.37367815,0.2646518,0.30829132,0.29712582,Sensory-Calming,Grounding,Playful
wheels_song_combination_894.wav,0.37814277,0.5328535,0.32633913,0.44244492,0.41570574,0.36479038,0.40184915,0.30727017,Playful,Sensory-Calming,Grounding
wheels_song_combination_895.wav,0.42251095,0.53771365,0.26957768,0.3642831,0.4202388,0.35722876,0.3671851,0.298442,Playful,Stimulating,Grounding
wheels_song_combination_909.wav,0.18822193,0.35369757,0.3135659,0.4072497,0.3624915,0.26276255,0.3012971,0.28059894,Sensory-Calming,Grounding,Playful
wheels_song_combination_910.wav,0.34006292,0.51610196,0.297043,0.41918933,0.37704805,0.34000912,0.35020465,0.27586716,Playful,Sensory-Calming,Grounding
wheels_song_combination_911.wav,0.41700456,0.5349939,0.26383227,0.3612541,0.41428113,0.35262415,0.3563096,0.29247478,Playful,Stimulating,Grounding
wheels_song_combination_941.wav,0.12136334,0.21976501,0.29500133,0.4073673,0.33859295,0.22249195,0.22907177,0.31110844,Sensory-Calming,Grounding,Anxiety-Reduction
wheels_song_combination_942.wav,0.329975,0.44645864,0.3516794,0.47613227,0.405766,0.35509306,0.3581897,0.3530007,Sensory-Calming,Playful,Grounding
wheels_song_combination_943.wav,0.3973404,0.47093046,0.28785697,0.39887804,0.42508388,0.37025213,0.32155755,0.34861225,Playful,Grounding,Sensory-Calming
wheels_song_combination_957.wav,0.13489239,0.25108957,0.30516446,0.41554856,0.3462652,0.23658416,0.24227023,0.30899742,Sensory-Calming,Grounding,Anxiety-Reduction
wheels_song_combination_958.wav,0.30558777,0.4474485,0.3251212,0.46313477,0.37631068,0.34619585,0.3146237,0.32904094,Sensory-Calming,Playful,Grounding
wheels_song_combination_959.wav,0.39005995,0.4675427,0.2820056,0.39440778,0.41675723,0.36364257,0.30800885,0.34054893,Playful,Grounding,Sensory-Calming
